id,first_name,last_name,age
1,Griswold,Morrison,60
2,Malachi,Whatham,45
3,Wylie,Vero,60
4,Hector,Gavahan,46
5,Glory,O'Leahy,71
6,Norrie,Dreher,64
7,Robby,Venditto,55
8,Arly,Joysey,47
9,Antonio,Dekeyser,42
10,Montgomery,Milthorpe,62
11,Ysabel,Undrell,36
12,Michell,Hoyt,77
13,Evaleen,Ridulfo,31
14,Ernaline,Goom,18
15,Lauree,Stace,71
16,Grete,Scotchforth,36
17,Consolata,Kording,31
18,Melany,Mary,24
19,Kelsey,Doylend,49
20,Nicky,Lehr,48
21,Torrin,Alsina,26
22,Brena,Ungerer,31
23,Malissia,Batthew,59
24,Bonny,Thorrington,73
25,Nicki,Meiklem,42
26,Alexandros,Marques,45
27,Bernadina,enzley,25
28,Giraldo,Gimbrett,41
29,Ardeen,Aldwich,49
30,Temp,Gypson,24
31,Leola,Sarfati,22
32,Berkley,Amburgy,30
33,Adoree,Harty,55
34,Nike,Attow,22
35,Nanon,Michurin,30
36,Ignacio,Armfield,42
37,Abdel,Ollett,56
38,Sidonia,Cowpertwait,56
39,Gauthier,Wombwell,63
40,Tami,Duberry,44
41,Mart,Korpolak,46
42,Brandie,Muscroft,45
43,Delores,Snelle,57
44,Thorn,Robilart,38
45,Theresina,Auguste,72
46,Kennett,Alenichicov,60
47,Drucie,Cornbell,74
48,Adina,Rosoni,37
49,Ade,Hassall,71
50,Dill,Waddie,60
